term,occurrences,source,question_numbers
abase,1,answer option,90
aberrant,1,answer option,32
abet,1,answer option,61
abettor,1,answer option,84
abjure,1,answer option,80
ablution,1,answer option,4
abrogative,1,answer option,58
abstinence,1,answer option,62
abut,1,answer option,24
acmes,1,answer option,82
acquiescent,1,answer option,83
acuity,1,answer option,20
acumen,1,answer option,108
adamancy,1,answer option,74
adenosine,1,answer option,65
adroitly,1,answer option,59
affecter,1,answer option,47
affectless,1,answer option,44
agglomerations,1,answer option,103
agitation,1,answer option,105
allayed,1,answer option,98
allele,1,answer option,15
alluvions,1,answer option,95
almsgiving,1,answer option,55
ambulated,1,answer option,63
amity,1,answer option,72
ammonic,1,answer option,63
amorist,1,answer option,82
amortize,1,answer option,13
amusingness,1,answer option,75
anachronously,1,answer option,36
anaphase,1,answer option,4
anaphoric,1,answer option,83
anthracite,1,answer option,67
apace,1,answer option,3
aplomb,1,answer option,26
apotheoses,1,answer option,82
approbated,1,answer option,98
archduke,1,answer option,2
armistice,1,answer option,97
ascendancy,1,answer option,68
asininity,1,answer option,68
assorted,1,answer option,64
assuaged,1,answer option,98
audacious,1,answer option,89
augury,1,answer option,77
avarice,1,answer option,32
avionics,1,answer option,46
awhirl,1,answer option,6
ax,1,answer option,99
banausic,1,answer option,85
bandoleer,1,answer option,23
baneful,1,answer option,70
barrister,1,answer option,7
bawd,1,answer option,50
bayed,1,answer option,64
bedeck,1,answer option,90
bemoaning,1,answer option,31
besotting,1,answer option,29
bezel,1,answer option,67
bifurcation,1,answer option,25
bilk,1,answer option,24
blackleg,1,answer option,73
blandishments,1,answer option,8
blitheness,1,answer option,62
bondman,1,answer option,1
bonhomie,1,answer option,72
boric,1,answer option,25
botfly,1,answer option,14
bountiful,1,answer option,92
bountifully,1,answer option,65
brainchild,1,answer option,105
brassy,1,answer option,89
brazen,1,answer option,89
brogue,1,answer option,32
bronchus,1,answer option,5
bugaboo,1,answer option,35
bulwark,1,answer option,106
bumptious,1,answer option,60
bung,1,answer option,106
burgh,1,answer option,51
buttressed,1,answer option,98
cabalism,1,answer option,51
cabinetwork,1,answer option,19
caddishly,1,answer option,10
cairn,1,answer option,93
caliph,1,answer option,37
canard,1,answer option,42
canniness,1,answer option,108
cardsharp,1,answer option,39
carob,1,answer option,3
cask,1,answer option,107
castigation,1,answer option,56
catatonia,1,answer option,35
causticity,1,answer option,19
chamois,1,answer option,45
changefulness,1,answer option,11
chastisement,1,answer option,56
cherub,1,answer option,91
chervil,1,answer option,39
chiasm,1,answer option,72
chicory,1,answer option,26
circuitous,1,answer option,53
clausal,1,answer option,29
claymore,1,answer option,30
clime,1,answer option,43
clotty,1,answer option,74
cochairman,1,answer option,46
cogitation,1,answer option,57
coinsurance,1,answer option,17
colliery,1,answer option,59
comorbidity,1,answer option,68
concoction,1,answer option,105
concomitant,1,answer option,48
concretive,1,answer option,39
conducer,1,answer option,71
conduit,1,answer option,107
confidentialness,1,answer option,81
confirmatively,1,answer option,10
conglomerate,1,answer option,2
conniption,1,answer option,37
connubial,1,answer option,58
consubstantiation,1,answer option,8
contraindicate,1,answer option,21
contrastively,1,answer option,59
contrivance,1,answer option,105
copolymer,1,answer option,71
cordite,1,answer option,4
corroder,1,answer option,19
cortege,1,answer option,97
cosset,1,answer option,47
coulter,1,answer option,77
courter,1,answer option,36
covenantal,1,answer option,77
covetousness,1,answer option,81
cringle,1,answer option,34
crosstie,1,answer option,8
cryonic,1,answer option,30
cudgels,1,answer option,103
cupola,1,answer option,10
cur,1,answer option,87
daystar,1,answer option,18
decantate,1,answer option,54
deflowerer,1,answer option,1
deftly,1,answer option,59
delineation,1,answer option,16
deliquesce,1,answer option,54
deluges,1,answer option,95
demote,1,answer option,90
demureness,1,answer option,79
demurrer,1,answer option,48
derisive,2,answer option,31; 94
detente,1,answer option,97
determinativeness,1,answer option,81
dewiness,1,answer option,26
dexterous,1,answer option,102
dextral,1,answer option,11
diadem,1,answer option,30
diaphoresis,1,answer option,33
dietarian,1,answer option,82
dinky,1,answer option,92
disapprobative,1,answer option,86
discomposing,1,answer option,86
discomposure,1,answer option,1
discordance,1,answer option,97
disgorger,1,answer option,86
disposure,1,answer option,38
disquieting,1,answer option,86
disremember,1,answer option,86
distaff,1,answer option,51
disunion,1,answer option,79
divan,1,answer option,13
dodder,2,answer option,14; 87
doggedness,1,answer option,96
doltish,1,answer option,91
donative,1,answer option,73
dopey,1,answer option,91
doughboy,1,answer option,7
doughtiness,1,answer option,75
downing,1,answer option,7
drachma,1,answer option,23
dubitable,1,answer option,88
ducat,1,answer option,15
egregious,1,answer option,20
elfin,1,answer option,35
endogenous,1,answer option,4
ennoble,1,answer option,22
enrapture,1,answer option,27
enspheres,1,answer option,95
environs,1,answer option,45
equitableness,1,answer option,62
esotericism,1,answer option,56
euphoniousness,1,answer option,81
evanescent,1,answer option,40
exceptionably,1,answer option,29
exchequer,1,answer option,28
excursive,1,answer option,38
execratory,1,answer option,74
exertive,1,answer option,78
exiguous,1,answer option,94
expiatory,1,answer option,18
expo,1,answer option,101
expressible,1,answer option,27
expunction,1,answer option,57
extempore,1,answer option,33
extenuating,1,answer option,2
extoller,1,answer option,38
extractive,1,answer option,78
extrusive,1,answer option,70
exultancy,1,answer option,17
facsimile,1,answer option,105
farcically,1,answer option,25
fatigable,1,answer option,36
featherstitch,1,answer option,10
federacy,1,answer option,40
fibber,1,answer option,71
finicky,1,answer option,88
fireless,1,answer option,70
fitful,1,answer option,31
flaunter,1,answer option,17
fluorination,1,answer option,19
flyweight,1,answer option,9
foibles,1,answer option,103
foliation,1,answer option,69
foment,1,answer option,61
foppery,1,answer option,68
forbiddingness,1,answer option,47
forestall,1,answer option,67
forfend,1,answer option,106
forswear,1,answer option,80
forwent,1,answer option,80
fragrance,1,answer option,54
frond,1,answer option,3
fuliginous,1,answer option,76
furlough,1,answer option,99
fussbudgety,1,answer option,88
gabardine,1,answer option,12
garrote,1,answer option,50
gatecrash,1,answer option,25
gelatinization,1,answer option,56
gendarme,1,answer option,24
genteel,1,answer option,92
genuflect,1,answer option,41
germane,1,answer option,26
glossarist,1,answer option,66
gnosis,1,answer option,15
gorger,1,answer option,6
greenroom,1,answer option,31
hammy,1,answer option,91
harnesser,1,answer option,1
haughty,1,answer option,60
haulage,1,answer option,15
hazmat,1,answer option,32
heap,1,answer option,93
hearken,1,answer option,41
hedonic,1,answer option,35
herpetology,1,answer option,55
hokum,1,answer option,49
hook,1,answer option,107
hornswoggle,1,answer option,66
hostelry,1,answer option,55
howsoever,1,answer option,4
huff,1,answer option,101
hydromancy,1,answer option,68
iconoclastically,1,answer option,17
ideography,1,answer option,79
imperious,1,answer option,102
impetuous,1,answer option,108
implacability,1,answer option,74
imputable,1,answer option,69
incautious,1,answer option,8
inchoate,1,answer option,52
inclement,1,answer option,69
incognizant,1,answer option,85
inconsistent,1,answer option,85
inculcator,1,answer option,84
indicant,1,answer option,76
indiscriminate,1,answer option,64
indisposition,1,answer option,9
individualizer,1,answer option,40
ineffable,1,answer option,52
inefficacious,1,answer option,85
infill,1,answer option,47
ingenuousness,1,answer option,108
inhalational,1,answer option,73
insectivorous,1,answer option,11
insensate,2,answer option,12; 49
instillation,1,answer option,69
intellection,1,answer option,57
interblend,1,answer option,67
intercessor,1,answer option,71
interment,1,answer option,13
intrauterine,1,answer option,49
inundations,1,answer option,95
invidiousness,1,answer option,81
invitingly,1,answer option,27
jaunty,2,answer option,89; 100
jocular,1,answer option,100
jodhpurs,1,answer option,48
jollification,1,answer option,33
karting,1,answer option,8
kilting,1,answer option,21
knave,1,answer option,73
krill,1,answer option,26
laconism,1,answer option,104
lacuna,1,answer option,24
lancelet,1,answer option,76
languorous,1,answer option,6
latticed,1,answer option,27
lavage,1,answer option,24
lax,1,answer option,87
layback,1,answer option,44
leatherhead,1,answer option,16
lineally,1,answer option,21
literalism,1,answer option,79
loll,1,answer option,22
lucre,1,answer option,42
ludicrous,1,answer option,102
lugubrious,1,answer option,23
malefactions,1,answer option,103
martinet,1,answer option,51
matchlock,1,answer option,11
mendacity,1,answer option,5
meniscal,1,answer option,63
mescal,1,answer option,77
mete,1,answer option,22
milksop,1,answer option,22
millinery,1,answer option,50
misdeem,1,answer option,80
mislay,1,answer option,99
misogamist,1,answer option,61
mitigated,1,answer option,98
modularity,1,answer option,16
morass,1,answer option,42
motley,1,answer option,101
mound,1,answer option,93
mulatto,1,answer option,45
munificently,1,answer option,65
myelination,1,answer option,57
myeloid,1,answer option,39
nark,1,answer option,23
natty,1,answer option,45
neigh,1,answer option,76
noisome,1,answer option,48
normative,1,answer option,9
nuptial,1,answer option,58
oafish,1,answer option,91
obdurateness,1,answer option,96
obviate,1,answer option,67
occlude,1,answer option,99
octavo,1,answer option,33
operand,1,answer option,63
orb,1,answer option,93
orgulous,1,answer option,94
otosclerosis,1,answer option,18
owlet,1,answer option,6
owlishly,1,answer option,40
oxyacetylene,1,answer option,6
palatial,1,answer option,20
palliate,1,answer option,64
papilla,1,answer option,34
patchouli,1,answer option,30
patella,1,answer option,20
patten,1,answer option,28
paucity,1,answer option,13
peahen,1,answer option,39
peccadilloes,1,answer option,103
perambulation,1,answer option,29
pernicious,1,answer option,70
persnickety,1,answer option,88
perspicacious,1,answer option,28
pertinacity,1,answer option,96
petulant,1,answer option,52
philanthropy,1,answer option,55
phlebitis,1,answer option,28
phlegmatic,1,answer option,78
pianoforte,1,answer option,45
piquet,1,answer option,50
pithiness,1,answer option,104
plaintively,1,answer option,16
plebiscite,1,answer option,49
pleura,1,answer option,12
pleurisy,1,answer option,41
pliant,1,answer option,89
polemics,1,answer option,34
polestar,1,answer option,23
pound,1,answer option,107
presaging,1,answer option,77
presbytery,1,answer option,38
pressmark,1,answer option,29
prestidigitation,1,answer option,37
prevaricator,1,answer option,71
primogenitary,1,answer option,65
primogenitor,1,answer option,84
prion,1,answer option,61
proboscis,1,answer option,95
profuse,1,answer option,92
progenitor,1,answer option,84
pronator,1,answer option,84
pronominally,1,answer option,65
pulchritude,1,answer option,104
pulmonic,1,answer option,64
punctate,1,answer option,73
puppyhood,1,answer option,17
putatively,2,answer option,38; 88
pyloric,1,answer option,43
pyorrhea,1,answer option,72
pyrrhic,1,answer option,51
quicklime,1,answer option,43
quiddity,1,answer option,54
ragout,1,answer option,12
rambunctious,1,answer option,53
ramified,1,answer option,46
ranginess,1,answer option,75
rapport,1,answer option,2
rapprochement,1,answer option,28
recallable,1,answer option,70
receptivity,1,answer option,96
reconciliation,1,answer option,97
reconvention,1,answer option,56
redolence,1,prompt headword,54
reduplicative,1,answer option,58
renormalize,1,answer option,1
repast,1,answer option,35
reprobate,1,answer option,20
resurvey,1,answer option,44
retrogressive,1,answer option,44
revolute,1,answer option,66
ribald,1,answer option,37
riotous,1,answer option,92
risible,1,answer option,102
roulade,1,answer option,10
ruddy,1,answer option,7
sack,1,answer option,99
sagacious,1,answer option,52
salicylate,1,answer option,18
sapiential,1,prompt headword,52
scarce,1,answer option,94
scrapple,1,answer option,5
scruffiest,1,answer option,104
scurrilousness,1,answer option,74
seizer,1,answer option,14
semaphore,1,answer option,37
semiquaver,1,answer option,34
sententiousness,1,answer option,75
serpentine,1,answer option,83
serrate,1,answer option,78
shoofly,1,answer option,58
shrewdness,1,answer option,108
sibilance,1,answer option,18
sigmoid,1,answer option,60
sinuousness,1,answer option,36
sizzle,1,answer option,90
skiffle,1,answer option,72
skimpy,1,answer option,94
skitter,1,answer option,9
slangy,1,answer option,41
smarty,1,answer option,2
snook,1,answer option,3
sobersided,1,answer option,100
somnambulistic,1,answer option,34
sorb,1,answer option,106
soya,1,answer option,43
spasmodic,1,answer option,9
spendthrift,1,answer option,66
sputum,1,answer option,30
squally,1,answer option,69
staid,1,answer option,100
statin,1,answer option,41
steppe,1,answer option,3
stoic,1,answer option,78
stoutness,1,answer option,75
stultification,1,answer option,57
subunit,1,answer option,36
subvert,1,answer option,90
sultana,1,answer option,50
summate,1,answer option,83
sump,1,answer option,5
sumptuousness,1,answer option,62
superposed,1,answer option,33
suspensor,1,answer option,14
suspiration,1,answer option,52
susurrate,1,prompt headword,53
swivet,2,answer option,54; 101
synod,1,answer option,11
systolic,1,answer option,32
tangs,1,answer option,22
tannic,1,answer option,49
temperance,1,answer option,62
tenthly,1,answer option,60
terrine,1,answer option,43
terseness,1,answer option,104
thump,1,answer option,107
tillage,1,answer option,82
tintype,1,answer option,48
tippet,1,answer option,61
tipple,1,answer option,42
tizzy,1,answer option,101
tonally,1,answer option,40
torpid,1,answer option,19
tortuous,1,answer option,83
tote,1,answer option,93
totter,1,answer option,87
trackside,1,answer option,27
traipsed,1,answer option,63
trammel,1,answer option,15
transshipment,1,answer option,14
trifurcate,1,answer option,80
triplicate,1,answer option,7
trusteeship,1,answer option,44
turnbuckle,1,answer option,13
umbra,1,answer option,21
umlaut,1,answer option,12
unavailing,1,answer option,85
uncritical,1,answer option,31
uncrushed,1,answer option,16
unexhausted,1,answer option,46
unfathomable,1,answer option,53
univalve,1,answer option,25
unwontedly,1,answer option,59
uproarious,1,answer option,102
usherette,1,answer option,21
vacuole,1,answer option,47
valise,1,answer option,42
vendible,1,answer option,60
verisimilitude,1,answer option,79
vicissitude,1,answer option,55
vociferous,1,answer option,53
waddle,1,answer option,87
ward,1,answer option,106
wastrel,1,answer option,66
weighty,1,answer option,100
whicker,1,answer option,76
whispering,1,answer option,53
wimple,1,answer option,5
wristlock,1,answer option,46
zaniness,1,answer option,96